cup,294
ingredients,237
teaspoon,191
salt,173
tsp,166
oil,152
chopped,152
tbsp,127
flour,103
water,98
cups,98
pepper,97
tablespoon,90
sugar,87
powder,87
olive,83
ground,82
garlic,80
sliced,76
fresh,75
tablespoons,73
butter,62
taste,62
finely,60
small,60
red,60
onion,56
cloves,56
g,52
oz,52
seeds,52
large,51
dried,48
milk,47
black,47
optional,46
grated,45
extra,42
diced,42
sauce,41
leaves,41
grams,40
cut,37
white,36
vegetable,36
coriander,36
rice,35
cumin,34
bunch,32
virgin,32
juice,32
medium,32
green,32
baking,31
coconut,31
lemon,31
cheese,30
minced,30
parsley,30
ml,29
vinegar,29
sea,29
tomatoes,28
see,27
pinch,27
yeast,26
dry,26
ginger,25
whole,25
dough,24
bread,24
vanilla,23
note,23
peeled,22
freshly,22
chili,22
eggplant,22
melted,21
thinly,21
eggs,21
cinnamon,21
teaspoons,20
hot,20
tomato,20
wheat,19
unsalted,19
vegan,19
polenta,18
potatoes,18
filling,18
caster,18
wine,18
turmeric,18
fine,18
pounds,17
granulated,17
divided,17
lb,17
kg,17
syrup,16
recipe,16
required,16
orange,16
paste,16
sesame,16
oregano,16
chickpeas,16
ingredient,15
egg,15
yellow,15
cilantro,15
use,15
raw,15
extract,14
thin,14
clove,14
crushed,14
cream,14
golden,14
plus,14
basil,14
stems,14
gram,13
lbs,13
shredded,13
almonds,13
inch,13
bay,13
leaf,13
curry,13
roughly,13
frying,13
c,13
ounces,12
fish,12
lukewarm,12
lime,12
onions,12
spinach,12
soda,12
roasted,12
list,11
broth,11
mint,11
flakes,11
mushrooms,11
little,11
fat,11
masala,11
nutritional,11
grain,11
paprika,11
yogurt,11
asparagus,10
choice,10
pound,10
cubes,10
pumpkin,10
honey,10
raisins,10
chicken,10
metric,10
peppers,10
kosher,10
handful,10
cold,9
spice,9
room,9
notes,9
thick,9
tofu,9
thyme,9
pieces,9
drained,9
feta,9
needed,9
rounds,9
part,8
beaten,8
ghee,8
cornstarch,8
stock,8
lard,8
maple,8
piece,8
soy,8
apple,8
parmesan,8
plain,8
ricotta,8
serving,8
cherry,8
coarsely,8
long,8
chilli,8
italian,8
canned,8
dill,8
toasted,8
rinsed,8
cashews,8
bell,8
eggplants,8
brown,8
balsamic,8
apples,7
temperature,7
halved,7
semolina,7
garam,7
slices,7
chilies,7
kashmiri,7
avocado,7
cooked,7
least,7
mustard,7
tahini,7
sweet,7
topping,7
packed,7
tbs,7
porridge,6
asam,6
cake,6
cornmeal,6
cm,6
lemongrass,6
chocolate,6
beets,6
paratha,6
purpose,6
pastry,6
creamy,6
unsweetened,6
warm,6
lamb,6
cauliflower,6
inches,6
puree,6
rum,6
peas,6
carrot,6
coarse,6
washed,6
dusting,6
seeded,6
florets,6
powdered,6
smoked,6
handfuls,6
oats,6
short,6
pasta,6
strong,6
cardamom,6
walnuts,6
head,6
well,6
sprigs,6
thawed,6
us,6
zest,6
shallots,6
soaked,6
ok,6
atta,5
roasting,5
lengthwise,5
cherries,5
pitted,5
option,5
oranges,5
lemons,5
free,5
ounce,5
cognac,5
crust,5
root,5
breadcrumbs,5
sourdough,5
potato,5
bean,5
toppings,5
ripe,5
used,5
pecans,5
cucumber,5
instant,5
chillies,5
almond,5
per,5
slivered,5
margarine,5
softened,5
pan,5
mango,5
greek,5
heat,5
garnish,5
kale,5
vegetables,5
sub,5
candied,5
deseeded,5
shallot,5
full,5
crumbled,5
frozen,5
crumbs,5
peanuts,5
tamarind,5
nuts,5
sunflower,5
herbs,5
canola,5
zucchini,5
passata,5
removed,5
heaped,5
hours,5
base,4
starch,4
cook,4
star,4
pounded,4
remove,4
bird,4
eye,4
candlenuts,4
protein,4
peaches,4
pecorino,4
corn,4
stuffing,4
mixture,4
x,4
gluten,4
blanched,4
oat,4
cempedak,4
flower,4
strudel,4
assemble,4
jam,4
button,4
organic,4
preferably,4
boiling,4
serves,4
less,4
capers,4
boiled,4
yolks,4
chile,4
cracked,4
stalks,4
seed,4
carrots,4
khus,4
low,4
firm,4
spray,4
lentils,4
broccoli,4
cider,4
private,4
reserve,4
customary,4
greasing,4
leek,4
makes,4
mushroom,4
beef,4
chickpea,4
nutmeg,4
peel,4
indian,4
caraway,4
like,4
beans,4
peanut,4
salsa,4
prefer,4
cooking,4
rosemary,4
mostly,4
quartered,4
cayenne,4
anchor,3
whiskey,3
litre,3
fruity,3
sorts,3
plums,3
apricots,3
anis,3
touch,3
liquor,3
common,3
carp,3
person,3
rubbed,3
squeeze,3
match,3
length,3
chives,3
cleaned,3
torch,3
four,3
parts,3
fleshy,3
leafy,3
set,3
aside,3
cekala,3
gelugur,3
glasses,3
liter,3
schezuan,3
twigs,3
instead,3
pizza,3
glaze,3
panada,3
milliliters,3
rye,3
preserving,3
kneading,3
knead,3
homemade,3
cocoa,3
heavy,3
mozzarella,3
nigella,3
store,3
bought,3
marinated,3
quick,3
fenugreek,3
methi,3
slightly,3
stir,3
around,3
stand,3
mixer,3
made,3
baba,3
ganoush,3
essence,3
liters,3
sticks,3
discard,3
rose,3
grease,3
active,3
drizzling,3
quality,3
chard,3
soft,3
weed,3
jeera,3
pickles,3
carom,3
add,3
larger,3
squeezed,3
arugula,3
pint,3
dark,3
steamed,3
rolls,3
gr,3
rolled,3
saffron,3
meat,3
bunches,3
half,3
minutes,3
olives,3
seasoning,3
palm,3
icing,3
desiccated,3
peppercorns,3
tightly,3
sherry,3
shakeable,3
spread,3
chipotle,3
adobo,3
favorite,3
blending,3
queso,3
spreadable,3
capsicum,3
light,3
aubergine,3
start,3
penne,3
serve,3
pine,3
sprig,3
approximately,3
trimmed,3
package,3
sheets,3
tips,3
sour,3
soaking,3
pork,3
sachet,3
also,3
purple,3
squash,3
thai,3
scale,3
cabbage,3
vangi,3
ea,3
millilitres,3
fluid,3
spices,3
falafel,3
separated,2
kirsch,2
whipped,2
bittersweet,2
banh,2
mi,2
veganaise,2
hoisin,2
agave,2
nectar,2
pickled,2
matchsticks,2
sriracha,2
stoned,2
apricot,2
redcurrant,2
jelly,2
scented,2
blossom,2
ragu,2
texturized,2
tvp,2
stalk,2
celery,2
brushing,2
peperoncini,2
maine,2
grains,2
fennel,2
aquafaba,2
zested,2
marmalade,2
yoghurt,2
sa,2
sardinian,2
niter,2
kibbeh,2
cooled,2
barley,2
edam,2
gouda,2
tartar,2
mayonnaise,2
gherkins,2
leeks,2
quarts,2
haldi,2
lal,2
mirch,2
chapathi,2
ajwain,2
maida,2
lachha,2
palak,2
parmigiano,2
skillet,2
kasuri,2
servings,2
maldon,2
mission,2
figs,2
kefir,2
labneh,2
grind,2
skins,2
whisked,2
yolk,2
may,2
clarified,2
cans,2
lightly,2
omit,2
sweetener,2
yields,2
neutral,2
nutrition,2
galangal,2
sambal,2
calamansi,2
limes,2
prawns,2
dulce,2
de,2
leche,2
baingans,2
aubergines,2
poppy,2
tej,2
patta,2
shah,2
seedless,2
grinding,2
included,2
glutinous,2
preferred,2
azuki,2
beetroot,2
natural,2
whey,2
total,2
marjoram,2
ladotyri,2
carnation,2
evaporated,2
salad,2
discs,2
jalapenos,2
unsure,2
cardamon,2
desired,2
consistency,2
aleppo,2
nice,2
pesto,2
super,2
mixed,2
wholemeal,2
bicarbonate,2
arborio,2
substitute,2
spicy,2
stone,2
similar,2
size,2
grounded,2
flax,2
strips,2
jar,2
citrus,2
temp,2
taleggio,2
cremini,2
sundried,2
sifted,2
breast,2
fillo,2
factory,2
properly,2
diameter,2
tamari,2
aminos,2
non,2
cod,2
starter,2
curd,2
coating,2
young,2
liquid,2
reserved,2
spaghetti,2
anise,2
pod,2
allspice,2
adzuki,2
cubed,2
lean,2
bbq,2
flatbread,2
pita,2
jackfruit,2
lettuce,2
sized,2
king,2
pulsed,2
food,2
processor,2
quinoa,2
pulp,2
asafoetida,2
hing,2
baingan,2
tejpatta,2
phool,2
basmati,2
brinjals,2
picked,2
refrigerator,2
twists,2
french,2
color,2
oilve,2
old,2
dash,2
baby,2
md,2
finish,2
cucumbers,2
work,2
cupsmetric,2
approx,2
diagonally,2
b,1
soften,1
sheet,1
drinkorgain,1
scoops,1
vitalproteins,1
creamer,1
collagen,1
peptides,1
neapolitan,1
hero,1
tipo,1
litres,1
wild,1
blueberries,1
muscovado,1
ice,1
carnaroli,1
packages,1
labeled,1
mean,1
appropriate,1
make,1
dish,1
biga,1
mls,1
gramssalt,1
prosciutto,1
gramssalami,1
soppressa,1
salami,1
nduja,1
hard,1
caciocavallo,1
secca,1
di,1
pecora,1
print,1
shopping,1
imperial,1
crunchy,1
pea,1
shortening,1
hydration,1
mason,1
basic,1
options,1
text,1
tst,1
bronze,1
fontina,1
another,1
alpine,1
emmental,1
toma,1
bundt,1
variety,1
juiced,1
xanthan,1
gum,1
whatever,1
earth,1
balance,1
wedges,1
pure,1
rustic,1
vertically,1
tip,1
hearty,1
vegetarian,1
shoulder,1
threads,1
goose,1
duck,1
violada,1
monreale,1
fattorie,1
girau,1
doses,1
pie,1
centimeters,1
usually,1
sufficient,1
spiny,1
artichokes,1
type,1
tikur,1
azmud,1
habba,1
sawda,1
ethiopian,1
f,1
equipment,1
brush,1
sharp,1
knife,1
rolling,1
pin,1
round,1
pans,1
left,1
dairy,1
arrowroot,1
tapioca,1
subbed,1
texture,1
vary,1
chilled,1
l,1
pints,1
haddock,1
skinned,1
boned,1
broken,1
pancake,1
shiitake,1
moons,1
twice,1
much,1
meal,1
called,1
prozymi,1
keeping,1
previous,1
breadmaking,1
adrak,1
gobi,1
daniya,1
aamchur,1
radish,1
muli,1
amchur,1
parata,1
besan,1
til,1
rava,1
suji,1
dust,1
new,1
find,1
veggies,1
completely,1
darkened,1
edges,1
becomes,1
kind,1
syrupy,1
bit,1
starts,1
stiffen,1
form,1
lumps,1
turn,1
melt,1
moving,1
gently,1
cover,1
continuing,1
polish,1
surface,1
sausage,1
tuft,1
shifted,1
bulbs,1
pandan,1
knotted,1
tuna,1
glass,1
skinning,1
monk,1
fruit,1
dips,1
making,1
substituted,1
cereal,1
substitutes,1
heaping,1
nut,1
works,1
best,1
beet,1
thinner,1
tang,1
combo,1
original,1
scallion,1
horizontally,1
grape,1
scramble,1
ears,1
batter,1
demerara,1
cranberries,1
walnut,1
solids,1
stick,1
ane,1
ikan,1
parang,1
wolf,1
herring,1
cili,1
boh,1
shrimp,1
kerisik,1
pcs,1
condiments,1
vietnamese,1
sprouts,1
belacan,1
big,1
cardamoms,1
prawn,1
santan,1
sawit,1
vermicelli,1
scalded,1
beansprouts,1
cored,1
beating,1
together,1
high,1
speed,1
condensed,1
adding,1
whites,1
ovalette,1
hong,1
pistachios,1
flesh,1
trenchers,1
good,1
country,1
crusts,1
intact,1
various,1
cepes,1
boletus,1
chanterelles,1
lepiotos,1
etc,1
berries,1
quail,1
paneer,1
phyllo,1
batch,1
applying,1
layers,1
wildwood,1
difference,1
smoky,1
bourbon,1
crimini,1
buns,1
marinade,1
tilapia,1
fillets,1
regular,1
spigs,1
thigh,1
oyster,1
kaffir,1
spur,1
butterscotch,1
chips,1
hazelnuts,1
german,1
gingerbread,1
wafers,1
oblaten,1
mediterranean,1
jarred,1
boats,1
scallions,1
kalamata,1
garnishes,1
fillet,1
spanish,1
sona,1
masuri,1
preparing,1
urad,1
dal,1
brinjal,1
plant,1
salted,1
bath,1
jaggery,1
goda,1
dagad,1
patthar,1
byadagi,1
bedgi,1
remaining,1
ambe,1
mohur,1
globe,1
smallish,1
exposed,1
tact,1
tri,1
unseasoned,1
diy,1
worcestershire,1
style,1
go,1
unavailable,1
porcini,1
chop,1
panko,1
fist,1
bake,1
cento,1
vineger,1
mazzarella,1
shreded,1
manchego,1
heads,1
without,1
germ,1
barberries,1
himalaya,1
although,1
tradionally,1
rapadura,1
cane,1
cashew,1
decoration,1
carbonate,1
dunst,1
cookies,1
kilo,1
backing,1
bulb,1
bulgur,1
keep,1
later,1
shreds,1
verjuice,1
enough,1
fill,1
pot,1
halfway,1
fry,1
pilaf,1
texmati,1
read,1
intro,1
thicker,1
using,1
log,1
goat,1
tepid,1
falafels,1
pitas,1
kabuli,1
chana,1
adjust,1
known,1
garbanzo,1
must,1
fluffy,1
grapeseed,1
oils,1
fixings,1
sandwich,1
pockets,1
english,1
egyptian,1
fashioned,1
units,1
butternut,1
skin,1
unsifted,1
frosted,1
clementine,1
soured,1
lavender,1
flowers,1
petals,1
split,1
lengthways,1
scraped,1
highly,1
recommended,1
easy,1
naan,1
rhubarb,1
generous,1
sauerkraut,1
brine,1
ones,1
eschallots,1
anything,1
woody,1
aka,1
hint,1
macaroni,1
rigatoni,1
ziti,1
fettucini,1
bucatini,1
salata,1
traditional,1
zataar,1
arthur,1
spelt,1
castle,1
valley,1
mill,1
leaven,1
jj,-2
