instructions,323
directions,306
method,304
add,273
steps,201
minutes,198
step,191
dough,189
oil,149
heat,134
water,115
bowl,104
salt,102
place,97
oven,96
pan,85
well,80
cook,79
flour,77
top,75
make,72
mix,69
baking,69
stir,69
roll,66
medium,66
mixture,64
cover,63
remove,62
butter,60
sugar,58
let,56
large,56
cake,55
olive,50
cut,50
serve,49
bake,48
cool,47
hot,46
together,44
using,44
paratha,43
bread,42
knead,41
aside,41
golden,40
set,40
sides,39
cup,39
remaining,38
stirring,38
powder,38
combine,38
small,38
brown,37
boil,37
rest,36
smooth,36
garlic,36
milk,36
also,35
pot,35
half,35
put,34
pepper,34
little,34
brush,33
cooked,33
sprinkle,33
warm,33
whisk,32
recipe,32
preheat,32
take,31
panada,30
thin,30
sure,30
chopped,30
leave,30
bring,29
filling,29
slightly,29
juice,29
use,29
ingredients,29
potatoes,28
hour,28
pinch,28
furthermore,27
dry,27
side,27
onions,27
center,27
sheet,27
mixing,27
polenta,26
firstly,26
layer,26
skillet,26
sauce,26
seeds,26
minute,26
paper,26
onto,26
transfer,26
soft,25
pour,25
syrup,25
stand,25
completely,24
melted,24
egg,24
eggplant,24
thick,24
taste,24
low,24
keep,24
pieces,23
onion,23
till,23
turn,23
start,22
bottom,22
cream,22
leaves,22
adding,22
gently,22
parchment,22
batter,22
wheat,21
ball,21
cheese,21
edges,21
simmer,21
spread,21
knife,21
mixer,21
finally,20
coriander,20
slices,20
fold,20
saute,20
cm,20
evenly,20
lemon,20
form,19
press,19
flip,19
enough,19
bit,19
allow,19
spices,19
peel,19
continue,18
dish,18
making,18
tbsp,18
another,18
time,18
coconut,18
blend,18
prepare,17
teaspoon,17
inches,17
tsp,17
saucepan,17
slice,17
beat,17
carefully,17
temperature,17
surface,17
vanilla,17
adjust,17
rolled,16
chapathi,16
spoon,16
like,16
parsley,16
strips,16
speed,16
white,16
clean,16
paste,16
beets,16
chocolate,16
circle,15
base,15
grease,15
lightly,15
repeat,15
cooking,15
line,15
high,15
sheets,14
layers,14
yeast,14
wrap,14
cold,14
pastry,14
orange,14
flatten,13
sized,13
tawa,13
palak,13
tablespoon,13
reduce,13
liquid,13
towel,13
plate,13
hands,13
prepared,13
around,13
stock,13
stick,13
fry,13
fresh,13
puree,13
hours,13
rice,12
peas,12
chard,12
green,12
gobi,12
drain,12
vegetable,12
first,12
roast,12
turmeric,12
season,12
wash,12
separate,12
work,12
ginger,12
round,12
toss,12
rack,12
food,12
see,12
honey,12
browned,11
asparagus,11
patties,11
mushrooms,11
cauliflower,11
fingers,11
radish,11
grated,11
ready,11
panade,11
ground,11
least,11
dust,11
tender,11
lid,11
inside,11
finely,11
much,11
tomatoes,11
sit,11
lower,11
degrees,11
cookie,11
middle,11
meanwhile,11
comes,11
divide,11
extra,11
needed,11
foil,11
processor,11
pumpkin,11
tofu,10
elise,10
bauer,10
diameter,10
required,10
ghee,10
refrigerate,10
cups,10
fill,10
roasting,10
arrange,10
shape,10
serving,10
occasionally,10
piece,10
size,10
eggs,10
coat,10
broth,10
inch,10
flavor,10
amount,10
tin,9
gradually,9
chili,9
methi,9
thepla,9
lukewarm,9
spatula,9
frying,9
lamb,9
garnish,9
flame,9
cloth,9
stuffing,9
tablespoons,9
wine,9
dutch,9
best,9
cornstarch,9
fridge,9
combined,9
rolling,9
curry,9
without,9
necessary,9
hand,9
room,9
cooling,9
blender,9
cinnamon,9
sea,9
pizza,8
f,8
spinach,8
artichokes,8
masala,8
fruit,8
break,8
get,8
help,8
possible,8
pleats,8
pickle,8
moist,8
even,8
immediately,8
pie,8
kitchen,8
second,8
next,8
greased,8
squeeze,8
edge,8
helps,8
covered,8
chop,8
tray,8
pasta,8
semolina,8
pecorino,8
back,8
store,8
red,8
seal,8
slowly,8
soda,8
along,8
constantly,8
sharp,8
couple,8
pecans,8
refrigerator,8
corn,8
cherry,7
whipped,7
baingan,7
sliced,7
long,7
enjoy,7
soak,7
crumbs,7
mm,7
extract,7
consistency,7
squares,7
peaches,7
cumin,7
black,7
away,7
centre,7
begins,7
sesame,7
creamy,7
used,7
whole,7
vinegar,7
drying,7
cooled,7
skin,7
jar,7
shallow,7
fish,7
days,7
gravy,7
formed,7
dried,7
desired,7
often,6
strudel,6
springform,6
whisking,6
tomato,6
grill,6
stiff,6
skewer,6
crust,6
phyllo,6
fillo,6
leeks,6
discard,6
wet,6
lay,6
begin,6
rise,6
moisture,6
properly,6
raita,6
partly,6
curd,6
additionally,6
breadcrumbs,6
avoid,6
check,6
prevent,6
square,6
overnight,6
caster,6
yogurt,6
excess,6
give,6
photo,6
chilli,6
reheat,6
big,6
good,6
cling,6
close,6
melt,6
fully,6
wedges,6
obtain,6
freezer,6
additional,6
thicken,6
arugula,6
score,6
carrots,6
fork,6
almond,6
chickpeas,6
fitted,5
attachment,5
apples,5
pattern,5
almonds,5
careful,5
cornmeal,5
peach,5
cubed,5
ring,5
leek,5
garam,5
lumps,5
third,5
kneading,5
choice,5
seconds,5
creating,5
nutritional,5
chapati,5
atleast,5
twice,5
parotta,5
virgin,5
release,5
pressing,5
border,5
toasted,5
holes,5
able,5
preparation,5
toast,5
salted,5
handle,5
need,5
leaf,5
film,5
lime,5
zest,5
longer,5
sticking,5
hole,5
wide,5
chickpea,5
quickly,5
lard,5
ladle,5
floured,5
steam,5
become,5
yolk,5
absorb,5
meat,5
right,5
plates,5
container,5
bay,5
nuts,5
glass,5
oat,5
cubes,5
easily,5
translucent,5
among,5
deep,5
still,5
broil,5
jam,5
tahini,5
nut,5
seasoning,5
dark,5
scented,5
fine,5
plastic,5
spice,5
fragrant,5
every,4
end,4
c,4
raisins,4
rum,4
margin,4
galette,4
risotto,4
pea,4
come,4
peaks,4
starts,4
assemble,4
light,4
stone,4
beans,4
note,4
pulse,4
preferably,4
apple,4
parmesan,4
lined,4
broccoli,4
thickens,4
beginning,4
blitz,4
pale,4
marinade,4
pickled,4
vegetables,4
loaf,4
according,4
margarine,4
inserted,4
flax,4
spray,4
vegan,4
sa,4
powdered,4
smaller,4
everything,4
scoop,4
stretch,4
shelf,4
swiss,4
thyme,4
batches,4
cast,4
join,4
pancake,4
assembling,4
maida,4
pull,4
intact,4
crush,4
lachha,4
pleated,4
depending,4
boiling,4
heated,4
wooden,4
paddle,4
empty,4
flat,4
basil,4
drizzle,4
cherries,4
cutter,4
roasted,4
mash,4
elastic,4
prefer,4
cilantro,4
may,4
firm,4
dice,4
cutting,4
ml,4
sticky,4
regularly,4
soup,4
rotate,4
increase,4
cookies,4
diamond,4
figs,4
fluffy,4
prick,4
alternatively,4
gets,4
texture,4
freeze,4
absorbed,4
balls,4
notes,4
bowls,4
batch,4
contents,4
original,4
soften,4
crackers,4
baba,4
ganoush,4
florentines,4
iron,3
porridge,3
blackened,3
bharta,3
direct,3
fruits,3
coarse,3
forms,3
core,3
space,3
fan,3
loosen,3
circles,3
preheated,3
times,3
crispy,3
insert,3
peeled,3
want,3
working,3
day,3
rinse,3
crisp,3
nigella,3
clove,3
look,3
puff,3
lentils,3
drained,3
ragu,3
aquafaba,3
portion,3
artichoke,3
process,3
stays,3
part,3
rings,3
mustard,3
bubble,3
flakes,3
across,3
operation,3
submerging,3
cucumbers,3
stem,3
full,3
mushroom,3
dissolved,3
mango,3
double,3
spots,3
crumble,3
non,3
starter,3
loaves,3
pleating,3
bringing,3
besan,3
strip,3
yolks,3
parmigiano,3
solid,3
cube,3
boiled,3
flours,3
ensure,3
either,3
fit,3
return,3
way,3
rectangle,3
min,3
leaving,3
swirl,3
measure,3
hard,3
sealed,3
week,3
damp,3
reserve,3
oats,3
letting,3
continuously,3
thickened,3
pop,3
grind,3
simmering,3
thoroughly,3
dressing,3
manner,3
meal,3
handful,3
compact,3
tightly,3
minced,3
plenty,3
meantime,3
open,3
grate,3
mixed,3
raw,3
fire,3
scored,3
chill,3
stovetop,3
coated,3
punch,3
absorbs,3
platter,3
final,3
slide,3
atop,3
months,3
leftovers,3
color,3
protein,3
except,3
pin,3
last,3
blossom,3
rose,3
candied,3
oregano,3
optional,3
distributing,3
x,3
paprika,3
almost,3
touch,3
maker,3
free,3
chips,3
blog,3
written,3
altering,3
saltiness,3
trays,3
cempedak,3
essence,3
pudding,3
potato,2
coating,2
stripes,2
batonnets,2
image,2
counter,2
facing,2
pile,2
slotted,2
short,2
tuck,2
ends,2
seam,2
spoonful,2
mozzarella,2
fritte,2
blueberries,2
wild,2
frozen,2
kirsch,2
roughly,2
ahead,2
shallot,2
measuring,2
bunch,2
azuki,2
cooker,2
alfajores,2
cloves,2
chilies,2
bagara,2
biryani,2
gives,2
pulp,2
equipment,2
tucking,2
drop,2
results,2
brushing,2
wire,2
heavy,2
topping,2
decoration,2
walnuts,2
incorporate,2
crumbly,2
outer,2
run,2
made,2
preparing,2
spoonfuls,2
inner,2
thickness,2
left,2
skimmer,2
peppers,2
kasuri,2
naan,2
submerged,2
marinate,2
panfry,2
marinated,2
darkened,2
per,2
banh,2
mi,2
toppings,2
bubbling,2
knock,2
slit,2
pressure,2
electric,2
trail,2
falling,2
followed,2
peachy,2
halves,2
overbrowning,2
uncovered,2
tinfoil,2
heating,2
pierce,2
tiny,2
seep,2
flow,2
preserve,2
vibrant,2
apricot,2
redcurrant,2
jelly,2
preference,2
motion,2
served,2
patty,2
absorbent,2
mint,2
dill,2
rests,2
texturized,2
distribute,2
pine,2
fennel,2
mark,2
glossy,2
quarters,2
meringue,2
tough,2
central,2
circular,2
salty,2
previously,2
pinching,2
centimeter,2
semola,2
flaps,2
cords,2
spanakopita,2
niter,2
kibbeh,2
himbasha,2
uniformly,2
beaten,2
lengthways,2
washed,2
sift,2
risen,2
tava,2
lovely,2
aroma,2
parathas,2
wipe,2
fryer,2
try,2
dip,2
ceramic,2
generously,2
works,2
marmalade,2
better,2
rim,2
vigorously,2
chopping,2
already,2
leak,2
folded,2
warmed,2
loose,2
separately,2
rusks,2
tartar,2
parata,2
strainer,2
aloo,2
muli,2
carom,2
rough,2
increases,2
life,2
rava,2
rumble,2
thinly,2
stips,2
spiral,2
pat,2
kerala,2
parrota,2
chana,2
folding,2
secure,2
minuter,2
appearing,2
roti,2
similar,2
catch,2
deglaze,2
follow,2
single,2
layering,2
chicken,2
rises,2
berries,2
ice,2
change,2
yellow,2
might,2
al,2
dente,2
stage,2
dash,2
crunchy,2
steamed,2
following,2
peanuts,2
tamarind,2
skip,2
giving,2
occasional,2
skimming,2
foam,2
swirling,2
upon,2
shapes,2
periodically,2
dipping,2
continuing,2
lines,2
temper,2
colour,2
ovenproof,2
tops,2
pierces,2
beet,2
peels,2
running,2
whatever,2
dollops,2
labneh,2
quite,2
healthy,2
getting,2
purpose,2
nonstick,2
tuna,2
wilted,2
maple,2
addition,2
board,2
care,2
discs,2
done,2
procedure,2
larger,2
diced,2
since,2
create,2
thread,2
point,2
traditionally,2
wheel,2
airtight,2
flesh,2
strands,2
oranges,2
lemons,2
clear,2
lift,2
finished,2
baked,2
night,2
reaches,2
luke,2
lemongrass,2
refined,2
dessert,2
mealy,2
photos,2
weeks,2
post,2
italian,2
kuku,2
burn,2
scramble,2
taking,2
garnishes,2
sweet,2
humitas,2
lifting,2
blended,2
spaghetti,2
sambal,2
upper,2
permit,2
fat,1
goes,1
turns,1
looser,1
version,1
proving,1
rather,1
hero,1
tea,1
one,1
stretching,1
flattening,1
ricotta,1
heaped,1
tear,1
push,1
twisting,1
ravioli,1
sturdy,1
lover,1
please,1
dunking,1
feels,1
wrapping,1
muscovado,1
given,1
straight,1
blueberry,1
finishing,1
touches,1
whisked,1
whites,1
paler,1
cocoa,1
sieve,1
silicone,1
interested,1
attached,1
serrated,1
whip,1
batchein,1
spreadable,1
smoothing,1
drizzling,1
decorate,1
pipe,1
swirls,1
kale,1
pinches,1
bicarbonate,1
ensuring,1
desert,1
compress,1
thing,1
roots,1
hardest,1
earth,1
residues,1
dose,1
evaporate,1
freshly,1
near,1
hob,1
streams,1
gritty,1
biga,1
salami,1
prosciutto,1
escape,1
print,1
require,1
achieves,1
clingfilm,1
setting,1
achieve,1
keeping,1
rested,1
barbecue,1
char,1
widthways,1
grilled,1
save,1
beetroot,1
button,1
beater,1
icing,1
beating,1
assembly,1
dulce,1
de,1
leche,1
sandwich,1
manufacture,1
bubbled,1
kneaded,1
hook,1
raises,1
airproof,1
poppy,1
tejpatta,1
indian,1
peppercorns,1
caraway,1
shahi,1
jeera,1
cardamoms,1
cools,1
grinder,1
quarter,1
splutter,1
haldi,1
sauteing,1
floating,1
rotis,1
phulkas,1
pooris,1
brinjal,1
slits,1
paring,1
rotating,1
go,1
nice,1
smoky,1
highly,1
recommend,1
air,1
bbq,1
burnt,1
peeling,1
trace,1
charred,1
masher,1
available,1
mushy,1
regular,1
intervals,1
kashmiri,1
mashing,1
turning,1
collapses,1
hottest,1
easy,1
trim,1
chiles,1
pita,1
ingredient,1
b,1
anchor,1
unsalted,1
ideal,1
chiller,1
lamination,1
folds,1
shaping,1
proof,1
humidity,1
crowded,1
plums,1
apricots,1
liquor,1
starchy,1
steady,1
simultaneously,1
clingy,1
crushed,1
softens,1
liquidish,1
overcrowd,1
canola,1
tolerant,1
think,1
optimal,1
insist,1
eating,1
salsa,1
pesto,1
grounded,1
firmer,1
neutral,1
super,1
preferred,1
oiled,1
liquids,1
shortening,1
resembles,1
sourdough,1
redistribute,1
stew,1
carrot,1
celery,1
bell,1
undrained,1
equal,1
amounts,1
pulls,1
mold,1
sear,1
eggplants,1
finger,1
colander,1
weigh,1
pictured,1
considerable,1
mason,1
bits,1
herbs,1
consuming,1
video,1
visual,1
instruction,1
packaging,1
soy,1
splash,1
bronze,1
softer,1
minuets,1
drizzled,1
shown,1
becomes,1
rind,1
bundt,1
grains,1
zested,1
garnishing,1
quartered,1
xanthan,1
gum,1
yoghurt,1
reserved,1
cider,1
additions,1
offset,1
tester,1
invert,1
tap,1
case,1
lose,1
reposition,1
timing,1
nicely,1
caramelize,1
browning,1
added,1
prep,1
stems,1
scatter,1
vent,1
digging,1
chilling,1
resting,1
sundried,1
saffron,1
goose,1
fats,1
teaspoonsn,1
fussy,1
recreate,1
overhangs,1
corners,1
squeezed,1
curls,1
slicing,1
juices,1
spill,1
colored,1
dissolve,1
energetically,1
obtained,1
covering,1
breast,1
abundant,1
adheres,1
walls,1
spreading,1
match,1
fingertips,1
apply,1
violada,1
extensively,1
compound,1
mince,1
bigger,1
wish,1
overdo,1
build,1
disc,1
typical,1
crease,1
attach,1
basket,1
country,1
style,1
flan,1
countertop,1
flush,1
vigour,1
eliminating,1
extreme,1
shank,1
bald,1
beard,1
acidulated,1
blacken,1
changing,1
eliminate,1
starch,1
reground,1
durum,1
parts,1
deriving,1
tines,1
develop,1
sardinian,1
dolce,1
variation,1
sealing,1
outside,1
hide,1
braid,1
advanced,1
proceeds,1
twined,1
inumidisco,1
braided,1
adhere,1
drill,1
boxcutter,1
aluminum,1
static,1
removing,1
bon,1
unroll,1
cloths,1
feta,1
drops,1
later,1
finish,1
cardamom,1
tikur,1
azmud,1
habba,1
sawda,1
ethiopian,1
dig,1
incorporating,1
homogeneous,1
drafts,1
cutters,1
different,1
sizes,1
concentric,1
cuts,1
intersecting,1
decorative,1
patterns,1
froth,1
tamari,1
thickening,1
dairy,1
arrowroot,1
cracked,1
placed,1
fibres,1
coarsely,1
preserving,1
citrus,1
drawn,1
channel,1
settle,1
sterilized,1
jars,1
bloom,1
remain,1
choose,1
rye,1
correctly,1
softened,1
cheesiness,1
fairly,1
cases,1
seasoned,1
pick,1
undisturbed,1
peek,1
underside,1
flipping,1
sticks,1
entire,1
pancakes,1
stored,1
friendly,1
home,1
dilute,1
dense,1
mass,1
local,1
bakers,1
toward,1
dampen,1
thus,1
cotton,1
bed,1
woolen,1
blanket,1
contain,1
ultimately,1
retains,1
hold,1
apart,1
places,1
imparts,1
traditional,1
technique,1
crete,1
die,1
conventional,1
dehydrate,1
muslin,1
bags,1
dredge,1
ensures,1
czech,1
tartare,1
mayonnaise,1
gherkins,1
capers,1
french,1
fries,1
bottomed,1
evaporates,1
smell,1
disappears,1
aamchur,1
aromatic,1
gobhi,1
punjabi,1
mooli,1
soon,1
however,1
squeezing,1
flavour,1
bitterness,1
picnic,1
rubbing,1
flakey,1
wont,1
merging,1
vessel,1
nutritious,1
blanched,1
ajwain,1
sausage,1
lot,1
meet,1
disk,1
passing,1
toothed,1
impanadas,1
average,1
santansedikit,1
dull,1
content,1
pandan,1
belt,1
enter,1
suir,1
mature,1
solution,1
kempeskan,1
rollers,1
glue,1
twist,1
fried,1
brownish,1
methods,1
foamy,1
pouring,1
napkin,1
tablespoonful,1
firmly,1
halfway,1
popping,1
bubbles,1
lily,1
banana,1
gf,1
pretzels,1
hummus,1
etc,1
rimless,1
chilled,1
wax,1
sprinkled,1
cane,1
total,1
cereal,1
placing,1
minus,1
scrap,1
pictures,1
ware,1
underneath,1
ziploc,1
bag,1
thinner,1
reach,1
balsamic,1
month,1
pureed,1
accompanied,1
otherwise,1
move,1
broiling,1
watching,1
going,1
stack,1
pourable,1
unwrap,1
fuss,1
acidity,1
creaminess,1
g,1
love,1
avocado,1
delicious,1
though,1
microwave,1
ears,1
tearing,1
length,1
husks,1
ties,1
cob,1
grater,1
crosswise,1
bundles,1
tie,1
silicon,1
cranberries,1
spooning,1
teaspoonfuls,1
palette,1
harden,1
moments,1
racks,1
heatproof,1
breaking,1
melting,1
florentine,1
marking,1
zigzag,1
closed,1
toasts,1
debone,1
galangal,1
shrimp,1
kerisik,1
appears,1
plunge,1
knot,1
knots,1
condiments,1
belacan,1
zesty,1
separates,1
santan,1
vermicelli,1
briefly,1
kek,1
lapis,1
condensed,1
ovalette,1
sifted,1
immersed,1
must,1
pistachios,1
eaten,1
firmed,1
split,1
pod,1
scrape,1
upside,1
order,1
vacuum,1
morning,1
bottle,1
helpful,1
tips,1
adapted,1
harissa,1
cookbook,1
edible,1
mosaic,1
eastern,1
fare,1
extraordinary,1
tuttle,1
publishing,1
flavored,1
instead,1
allows,1
pave,1
enameled,1
casserole,1
simmers,1
generous,1
grindings,1
inhale,1
bath,1
chile,1
scenting,1
perfumed,1
deeply,1
jj,-2
